{
  "sector": "Utilities",
  "train": {
    "classification_report": {
      "negative": {
        "precision": 0.8046875,
        "recall": 0.9626168224299065,
        "f1-score": 0.8765957446808511,
        "support": 107.0
      },
      "neutral": {
        "precision": 0.9997304291567825,
        "recall": 0.9975790832795352,
        "f1-score": 0.9986535975872469,
        "support": 18588.0
      },
      "positive": {
        "precision": 0.8114754098360656,
        "recall": 0.9611650485436893,
        "f1-score": 0.88,
        "support": 103.0
      },
      "accuracy": 0.9971805511224598,
      "macro avg": {
        "precision": 0.8719644463309494,
        "recall": 0.9737869847510437,
        "f1-score": 0.9184164474226993,
        "support": 18798.0
      },
      "weighted avg": {
        "precision": 0.9975887193786247,
        "recall": 0.9971805511224598,
        "f1-score": 0.9973086932988933,
        "support": 18798.0
      }
    },
    "confusion_matrix_raw": [
      [
        103,
        2,
        2
      ],
      [
        24,
        18543,
        21
      ],
      [
        1,
        3,
        99
      ]
    ],
    "confusion_matrix_norm_true": [
      [
        0.9626168224299065,
        0.018691588785046728,
        0.018691588785046728
      ],
      [
        0.0012911555842479018,
        0.9975790832795352,
        0.0011297611362169142
      ],
      [
        0.009708737864077669,
        0.02912621359223301,
        0.9611650485436893
      ]
    ],
    "labels": [
      "negative",
      "neutral",
      "positive"
    ]
  },
  "test": {
    "classification_report": {
      "negative": {
        "precision": 1.0,
        "recall": 0.06666666666666667,
        "f1-score": 0.125,
        "support": 15.0
      },
      "neutral": {
        "precision": 0.9704090513489991,
        "recall": 1.0,
        "f1-score": 0.984982332155477,
        "support": 1115.0
      },
      "positive": {
        "precision": 1.0,
        "recall": 0.09090909090909091,
        "f1-score": 0.16666666666666666,
        "support": 22.0
      },
      "accuracy": 0.9704861111111112,
      "macro avg": {
        "precision": 0.9901363504496663,
        "recall": 0.38585858585858585,
        "f1-score": 0.4255496662740479,
        "support": 1152.0
      },
      "weighted avg": {
        "precision": 0.9713594550817136,
        "recall": 0.9704861111111112,
        "f1-score": 0.9581570894271039,
        "support": 1152.0
      }
    },
    "confusion_matrix_raw": [
      [
        1,
        14,
        0
      ],
      [
        0,
        1115,
        0
      ],
      [
        0,
        20,
        2
      ]
    ],
    "confusion_matrix_norm_true": [
      [
        0.06666666666666667,
        0.9333333333333333,
        0.0
      ],
      [
        0.0,
        1.0,
        0.0
      ],
      [
        0.0,
        0.9090909090909091,
        0.09090909090909091
      ]
    ],
    "labels": [
      "negative",
      "neutral",
      "positive"
    ]
  }
}