{
  "sector": "Financials",
  "train": {
    "classification_report": {
      "negative": {
        "precision": 0.6135351736420303,
        "recall": 0.8443627450980392,
        "f1-score": 0.7106756059824652,
        "support": 816.0
      },
      "neutral": {
        "precision": 0.9892257435956215,
        "recall": 0.9708645030654143,
        "f1-score": 0.9799591234245486,
        "support": 17779.0
      },
      "positive": {
        "precision": 0.584070796460177,
        "recall": 0.6502463054187192,
        "f1-score": 0.6153846153846154,
        "support": 203.0
      },
      "accuracy": 0.9619108415788914,
      "macro avg": {
        "precision": 0.7289439045659428,
        "recall": 0.8218245178607243,
        "f1-score": 0.768673114930543,
        "support": 18798.0
      },
      "weighted avg": {
        "precision": 0.9685421623981205,
        "recall": 0.9619108415788914,
        "f1-score": 0.9643327815070657,
        "support": 18798.0
      }
    },
    "confusion_matrix_raw": [
      [
        689,
        124,
        3
      ],
      [
        427,
        17261,
        91
      ],
      [
        7,
        64,
        132
      ]
    ],
    "confusion_matrix_norm_true": [
      [
        0.8443627450980392,
        0.15196078431372548,
        0.003676470588235294
      ],
      [
        0.02401709882445582,
        0.9708645030654143,
        0.005118398110129928
      ],
      [
        0.034482758620689655,
        0.31527093596059114,
        0.6502463054187192
      ]
    ],
    "labels": [
      "negative",
      "neutral",
      "positive"
    ]
  },
  "test": {
    "classification_report": {
      "negative": {
        "precision": 0.5681818181818182,
        "recall": 0.6578947368421053,
        "f1-score": 0.6097560975609756,
        "support": 76.0
      },
      "neutral": {
        "precision": 0.9540566959921799,
        "recall": 0.9587426326129665,
        "f1-score": 0.9563939245467908,
        "support": 1018.0
      },
      "positive": {
        "precision": 0.7804878048780488,
        "recall": 0.5517241379310345,
        "f1-score": 0.6464646464646465,
        "support": 58.0
      },
      "accuracy": 0.9184027777777778,
      "macro avg": {
        "precision": 0.7675754396840156,
        "recall": 0.7227871691287021,
        "f1-score": 0.737538222857471,
        "support": 1152.0
      },
      "weighted avg": {
        "precision": 0.9198609612715141,
        "recall": 0.9184027777777778,
        "f1-score": 0.9179213785574798,
        "support": 1152.0
      }
    },
    "confusion_matrix_raw": [
      [
        50,
        23,
        3
      ],
      [
        36,
        976,
        6
      ],
      [
        2,
        24,
        32
      ]
    ],
    "confusion_matrix_norm_true": [
      [
        0.6578947368421053,
        0.3026315789473684,
        0.039473684210526314
      ],
      [
        0.03536345776031434,
        0.9587426326129665,
        0.005893909626719057
      ],
      [
        0.034482758620689655,
        0.41379310344827586,
        0.5517241379310345
      ]
    ],
    "labels": [
      "negative",
      "neutral",
      "positive"
    ]
  }
}