{
  "sector": "Consumer Staples",
  "train": {
    "classification_report": {
      "negative": {
        "precision": 0.9272727272727272,
        "recall": 0.9532710280373832,
        "f1-score": 0.9400921658986175,
        "support": 107.0
      },
      "neutral": {
        "precision": 0.9990307468633891,
        "recall": 0.9986543223167187,
        "f1-score": 0.9988424991251447,
        "support": 18578.0
      },
      "positive": {
        "precision": 0.8461538461538461,
        "recall": 0.8761061946902655,
        "f1-score": 0.8608695652173913,
        "support": 113.0
      },
      "accuracy": 0.9976593254601553,
      "macro avg": {
        "precision": 0.9241524400966542,
        "recall": 0.9426771816814558,
        "f1-score": 0.9332680767470513,
        "support": 18798.0
      },
      "weighted avg": {
        "precision": 0.9977033078870947,
        "recall": 0.9976593254601553,
        "f1-score": 0.9976786930188136,
        "support": 18798.0
      }
    },
    "confusion_matrix_raw": [
      [
        102,
        4,
        1
      ],
      [
        8,
        18553,
        17
      ],
      [
        0,
        14,
        99
      ]
    ],
    "confusion_matrix_norm_true": [
      [
        0.9532710280373832,
        0.037383177570093455,
        0.009345794392523364
      ],
      [
        0.00043061685865001615,
        0.9986543223167187,
        0.0009150608246312844
      ],
      [
        0.0,
        0.12389380530973451,
        0.8761061946902655
      ]
    ],
    "labels": [
      "negative",
      "neutral",
      "positive"
    ]
  },
  "test": {
    "classification_report": {
      "negative": {
        "precision": 1.0,
        "recall": 0.04,
        "f1-score": 0.07692307692307693,
        "support": 25.0
      },
      "neutral": {
        "precision": 0.955536181342633,
        "recall": 0.9990884229717412,
        "f1-score": 0.9768270944741533,
        "support": 1097.0
      },
      "positive": {
        "precision": 0.25,
        "recall": 0.03333333333333333,
        "f1-score": 0.058823529411764705,
        "support": 30.0
      },
      "accuracy": 0.953125,
      "macro avg": {
        "precision": 0.735178727114211,
        "recall": 0.3574739187683582,
        "f1-score": 0.370857900269665,
        "support": 1152.0
      },
      "weighted avg": {
        "precision": 0.9381277699070039,
        "recall": 0.953125,
        "f1-score": 0.9333915845864375,
        "support": 1152.0
      }
    },
    "confusion_matrix_raw": [
      [
        1,
        22,
        2
      ],
      [
        0,
        1096,
        1
      ],
      [
        0,
        29,
        1
      ]
    ],
    "confusion_matrix_norm_true": [
      [
        0.04,
        0.88,
        0.08
      ],
      [
        0.0,
        0.9990884229717412,
        0.0009115770282588879
      ],
      [
        0.0,
        0.9666666666666667,
        0.03333333333333333
      ]
    ],
    "labels": [
      "negative",
      "neutral",
      "positive"
    ]
  }
}