{
  "sector": "Energy",
  "train": {
    "classification_report": {
      "negative": {
        "precision": 0.7346938775510204,
        "recall": 0.8323699421965318,
        "f1-score": 0.7804878048780488,
        "support": 173.0
      },
      "neutral": {
        "precision": 0.9982438810229393,
        "recall": 0.9919293270803795,
        "f1-score": 0.9950765864332604,
        "support": 18338.0
      },
      "positive": {
        "precision": 0.7105263157894737,
        "recall": 0.9407665505226481,
        "f1-score": 0.8095952023988006,
        "support": 287.0
      },
      "accuracy": 0.9896797531652304,
      "macro avg": {
        "precision": 0.8144880247878111,
        "recall": 0.9216886065998532,
        "f1-score": 0.8617198645700367,
        "support": 18798.0
      },
      "weighted avg": {
        "precision": 0.9914256507951148,
        "recall": 0.9896797531652304,
        "f1-score": 0.9902698508003771,
        "support": 18798.0
      }
    },
    "confusion_matrix_raw": [
      [
        144,
        20,
        9
      ],
      [
        47,
        18190,
        101
      ],
      [
        5,
        12,
        270
      ]
    ],
    "confusion_matrix_norm_true": [
      [
        0.8323699421965318,
        0.11560693641618497,
        0.05202312138728324
      ],
      [
        0.002562983967717308,
        0.9919293270803795,
        0.005507688951903152
      ],
      [
        0.017421602787456445,
        0.041811846689895474,
        0.9407665505226481
      ]
    ],
    "labels": [
      "negative",
      "neutral",
      "positive"
    ]
  },
  "test": {
    "classification_report": {
      "negative": {
        "precision": 0.8095238095238095,
        "recall": 0.6071428571428571,
        "f1-score": 0.6938775510204082,
        "support": 56.0
      },
      "neutral": {
        "precision": 0.9759846301633045,
        "recall": 0.9844961240310077,
        "f1-score": 0.9802219006271105,
        "support": 1032.0
      },
      "positive": {
        "precision": 0.7246376811594203,
        "recall": 0.78125,
        "f1-score": 0.7518796992481203,
        "support": 64.0
      },
      "accuracy": 0.9548611111111112,
      "macro avg": {
        "precision": 0.8367153736155114,
        "recall": 0.7909629937246216,
        "f1-score": 0.808659716965213,
        "support": 1152.0
      },
      "weighted avg": {
        "precision": 0.9539290653264467,
        "recall": 0.9548611111111112,
        "f1-score": 0.9536167057779519,
        "support": 1152.0
      }
    },
    "confusion_matrix_raw": [
      [
        34,
        15,
        7
      ],
      [
        4,
        1016,
        12
      ],
      [
        4,
        10,
        50
      ]
    ],
    "confusion_matrix_norm_true": [
      [
        0.6071428571428571,
        0.26785714285714285,
        0.125
      ],
      [
        0.003875968992248062,
        0.9844961240310077,
        0.011627906976744186
      ],
      [
        0.0625,
        0.15625,
        0.78125
      ]
    ],
    "labels": [
      "negative",
      "neutral",
      "positive"
    ]
  }
}