{
  "sector": "Information Technology",
  "train": {
    "classification_report": {
      "negative": {
        "precision": 0.5621693121693122,
        "recall": 0.8317025440313112,
        "f1-score": 0.6708760852407262,
        "support": 511.0
      },
      "neutral": {
        "precision": 0.9877551020408163,
        "recall": 0.9483535123121015,
        "f1-score": 0.9676533778944856,
        "support": 17097.0
      },
      "positive": {
        "precision": 0.6435156730178242,
        "recall": 0.8798319327731092,
        "f1-score": 0.7433439829605963,
        "support": 1190.0
      },
      "accuracy": 0.9408447707202894,
      "macro avg": {
        "precision": 0.7311466957426509,
        "recall": 0.8866293297055073,
        "f1-score": 0.7939578153652693,
        "support": 18798.0
      },
      "weighted avg": {
        "precision": 0.954394145600679,
        "recall": 0.9408447707202894,
        "f1-score": 0.9453860421929535,
        "support": 18798.0
      }
    },
    "confusion_matrix_raw": [
      [
        425,
        69,
        17
      ],
      [
        320,
        16214,
        563
      ],
      [
        11,
        132,
        1047
      ]
    ],
    "confusion_matrix_norm_true": [
      [
        0.8317025440313112,
        0.1350293542074364,
        0.033268101761252444
      ],
      [
        0.018716733929929227,
        0.9483535123121015,
        0.032929753757969235
      ],
      [
        0.009243697478991597,
        0.11092436974789915,
        0.8798319327731092
      ]
    ],
    "labels": [
      "negative",
      "neutral",
      "positive"
    ]
  },
  "test": {
    "classification_report": {
      "negative": {
        "precision": 0.5802469135802469,
        "recall": 0.6266666666666667,
        "f1-score": 0.6025641025641025,
        "support": 75.0
      },
      "neutral": {
        "precision": 0.9407484407484408,
        "recall": 0.9368530020703933,
        "f1-score": 0.9387966804979253,
        "support": 966.0
      },
      "positive": {
        "precision": 0.6422018348623854,
        "recall": 0.6306306306306306,
        "f1-score": 0.6363636363636364,
        "support": 111.0
      },
      "accuracy": 0.8871527777777778,
      "macro avg": {
        "precision": 0.7210657297303578,
        "recall": 0.7313834331225636,
        "f1-score": 0.7259081398085546,
        "support": 1152.0
      },
      "weighted avg": {
        "precision": 0.8885120798187821,
        "recall": 0.8871527777777778,
        "f1-score": 0.8877658547653362,
        "support": 1152.0
      }
    },
    "confusion_matrix_raw": [
      [
        47,
        22,
        6
      ],
      [
        28,
        905,
        33
      ],
      [
        6,
        35,
        70
      ]
    ],
    "confusion_matrix_norm_true": [
      [
        0.6266666666666667,
        0.29333333333333333,
        0.08
      ],
      [
        0.028985507246376812,
        0.9368530020703933,
        0.034161490683229816
      ],
      [
        0.05405405405405406,
        0.3153153153153153,
        0.6306306306306306
      ]
    ],
    "labels": [
      "negative",
      "neutral",
      "positive"
    ]
  }
}