{
  "sector": "Industrials",
  "train": {
    "classification_report": {
      "negative": {
        "precision": 0.6549019607843137,
        "recall": 0.8329177057356608,
        "f1-score": 0.7332601536772777,
        "support": 401.0
      },
      "neutral": {
        "precision": 0.9931381771899729,
        "recall": 0.9872380218933935,
        "f1-score": 0.9901793103448275,
        "support": 18179.0
      },
      "positive": {
        "precision": 0.7235023041474654,
        "recall": 0.7201834862385321,
        "f1-score": 0.7218390804597701,
        "support": 218.0
      },
      "accuracy": 0.98084902649218,
      "macro avg": {
        "precision": 0.7905141473739173,
        "recall": 0.846779737955862,
        "f1-score": 0.8150928481606251,
        "support": 18798.0
      },
      "weighted avg": {
        "precision": 0.982795941680773,
        "recall": 0.98084902649218,
        "f1-score": 0.9815867605023642,
        "support": 18798.0
      }
    },
    "confusion_matrix_raw": [
      [
        334,
        67,
        0
      ],
      [
        172,
        17947,
        60
      ],
      [
        4,
        57,
        157
      ]
    ],
    "confusion_matrix_norm_true": [
      [
        0.8329177057356608,
        0.16708229426433915,
        0.0
      ],
      [
        0.009461466527311734,
        0.9872380218933935,
        0.003300511579294791
      ],
      [
        0.01834862385321101,
        0.26146788990825687,
        0.7201834862385321
      ]
    ],
    "labels": [
      "negative",
      "neutral",
      "positive"
    ]
  },
  "test": {
    "classification_report": {
      "negative": {
        "precision": 0.6206896551724138,
        "recall": 0.48,
        "f1-score": 0.5413533834586466,
        "support": 75.0
      },
      "neutral": {
        "precision": 0.9286384976525821,
        "recall": 0.9734251968503937,
        "f1-score": 0.9505045651129265,
        "support": 1016.0
      },
      "positive": {
        "precision": 0.7586206896551724,
        "recall": 0.36065573770491804,
        "f1-score": 0.4888888888888889,
        "support": 61.0
      },
      "accuracy": 0.9088541666666666,
      "macro avg": {
        "precision": 0.7693162808267227,
        "recall": 0.6046936448517706,
        "f1-score": 0.660248945820154,
        "support": 1152.0
      },
      "weighted avg": {
        "precision": 0.8995870658176389,
        "recall": 0.9088541666666666,
        "f1-score": 0.8994239272016963,
        "support": 1152.0
      }
    },
    "confusion_matrix_raw": [
      [
        36,
        38,
        1
      ],
      [
        21,
        989,
        6
      ],
      [
        1,
        38,
        22
      ]
    ],
    "confusion_matrix_norm_true": [
      [
        0.48,
        0.5066666666666667,
        0.013333333333333334
      ],
      [
        0.02066929133858268,
        0.9734251968503937,
        0.005905511811023622
      ],
      [
        0.01639344262295082,
        0.6229508196721312,
        0.36065573770491804
      ]
    ],
    "labels": [
      "negative",
      "neutral",
      "positive"
    ]
  }
}