{
  "sector": "Consumer Discretionary",
  "train": {
    "classification_report": {
      "negative": {
        "precision": 0.6188579017264276,
        "recall": 0.848816029143898,
        "f1-score": 0.7158218125960062,
        "support": 549.0
      },
      "neutral": {
        "precision": 0.9888064098032284,
        "recall": 0.962274968466919,
        "f1-score": 0.9753602975360297,
        "support": 17442.0
      },
      "positive": {
        "precision": 0.6414565826330533,
        "recall": 0.8513011152416357,
        "f1-score": 0.731629392971246,
        "support": 807.0
      },
      "accuracy": 0.9541972550271306,
      "macro avg": {
        "precision": 0.749706964720903,
        "recall": 0.8874640376174842,
        "f1-score": 0.8076038343677606,
        "support": 18798.0
      },
      "weighted avg": {
        "precision": 0.9630902143856045,
        "recall": 0.9541972550271306,
        "f1-score": 0.9573170233464428,
        "support": 18798.0
      }
    },
    "confusion_matrix_raw": [
      [
        466,
        76,
        7
      ],
      [
        281,
        16784,
        377
      ],
      [
        6,
        114,
        687
      ]
    ],
    "confusion_matrix_norm_true": [
      [
        0.848816029143898,
        0.1384335154826958,
        0.012750455373406194
      ],
      [
        0.016110537782364407,
        0.962274968466919,
        0.02161449375071666
      ],
      [
        0.007434944237918215,
        0.1412639405204461,
        0.8513011152416357
      ]
    ],
    "labels": [
      "negative",
      "neutral",
      "positive"
    ]
  },
  "test": {
    "classification_report": {
      "negative": {
        "precision": 0.5894736842105263,
        "recall": 0.6363636363636364,
        "f1-score": 0.6120218579234973,
        "support": 88.0
      },
      "neutral": {
        "precision": 0.9348931841302136,
        "recall": 0.9396728016359919,
        "f1-score": 0.9372768995410505,
        "support": 978.0
      },
      "positive": {
        "precision": 0.6216216216216216,
        "recall": 0.5348837209302325,
        "f1-score": 0.575,
        "support": 86.0
      },
      "accuracy": 0.8862847222222222,
      "macro avg": {
        "precision": 0.7153294966541205,
        "recall": 0.7036400529766204,
        "f1-score": 0.7080995858215159,
        "support": 1152.0
      },
      "weighted avg": {
        "precision": 0.885120379990742,
        "recall": 0.8862847222222222,
        "f1-score": 0.885386051430916,
        "support": 1152.0
      }
    },
    "confusion_matrix_raw": [
      [
        56,
        29,
        3
      ],
      [
        34,
        919,
        25
      ],
      [
        5,
        35,
        46
      ]
    ],
    "confusion_matrix_norm_true": [
      [
        0.6363636363636364,
        0.32954545454545453,
        0.03409090909090909
      ],
      [
        0.034764826175869123,
        0.9396728016359919,
        0.02556237218813906
      ],
      [
        0.05813953488372093,
        0.4069767441860465,
        0.5348837209302325
      ]
    ],
    "labels": [
      "negative",
      "neutral",
      "positive"
    ]
  }
}