{
  "sector": "Communication Services",
  "train": {
    "classification_report": {
      "negative": {
        "precision": 0.7338709677419355,
        "recall": 0.8348623853211009,
        "f1-score": 0.7811158798283262,
        "support": 109.0
      },
      "neutral": {
        "precision": 0.9980590899288333,
        "recall": 0.9966620006460644,
        "f1-score": 0.9973600560314638,
        "support": 18574.0
      },
      "positive": {
        "precision": 0.746031746031746,
        "recall": 0.8173913043478261,
        "f1-score": 0.7800829875518672,
        "support": 115.0
      },
      "accuracy": 0.9946270879880839,
      "macro avg": {
        "precision": 0.8259872679008383,
        "recall": 0.8829718967716639,
        "f1-score": 0.8528529744705523,
        "support": 18798.0
      },
      "weighted avg": {
        "precision": 0.99498537730693,
        "recall": 0.9946270879880839,
        "f1-score": 0.9947769366527376,
        "support": 18798.0
      }
    },
    "confusion_matrix_raw": [
      [
        91,
        18,
        0
      ],
      [
        30,
        18512,
        32
      ],
      [
        3,
        18,
        94
      ]
    ],
    "confusion_matrix_norm_true": [
      [
        0.8348623853211009,
        0.1651376146788991,
        0.0
      ],
      [
        0.0016151609777107785,
        0.9966620006460644,
        0.0017228383762248303
      ],
      [
        0.02608695652173913,
        0.1565217391304348,
        0.8173913043478261
      ]
    ],
    "labels": [
      "negative",
      "neutral",
      "positive"
    ]
  },
  "test": {
    "classification_report": {
      "negative": {
        "precision": 0.4444444444444444,
        "recall": 0.15384615384615385,
        "f1-score": 0.22857142857142856,
        "support": 26.0
      },
      "neutral": {
        "precision": 0.9624664879356568,
        "recall": 0.9935424354243543,
        "f1-score": 0.9777576032682705,
        "support": 1084.0
      },
      "positive": {
        "precision": 0.7916666666666666,
        "recall": 0.4523809523809524,
        "f1-score": 0.5757575757575758,
        "support": 42.0
      },
      "accuracy": 0.9548611111111112,
      "macro avg": {
        "precision": 0.732859199682256,
        "recall": 0.5332565138838202,
        "f1-score": 0.5940288691990916,
        "support": 1152.0
      },
      "weighted avg": {
        "precision": 0.9445479413869857,
        "recall": 0.9548611111111112,
        "f1-score": 0.9461926365169102,
        "support": 1152.0
      }
    },
    "confusion_matrix_raw": [
      [
        4,
        21,
        1
      ],
      [
        3,
        1077,
        4
      ],
      [
        2,
        21,
        19
      ]
    ],
    "confusion_matrix_norm_true": [
      [
        0.15384615384615385,
        0.8076923076923077,
        0.038461538461538464
      ],
      [
        0.0027675276752767526,
        0.9935424354243543,
        0.0036900369003690036
      ],
      [
        0.047619047619047616,
        0.5,
        0.4523809523809524
      ]
    ],
    "labels": [
      "negative",
      "neutral",
      "positive"
    ]
  }
}