{
  "sector": "Materials",
  "train": {
    "classification_report": {
      "negative": {
        "precision": 0.801980198019802,
        "recall": 0.7714285714285715,
        "f1-score": 0.7864077669902912,
        "support": 105.0
      },
      "neutral": {
        "precision": 0.9980606582987663,
        "recall": 0.9970401463782155,
        "f1-score": 0.9975501413379997,
        "support": 18582.0
      },
      "positive": {
        "precision": 0.7014925373134329,
        "recall": 0.8468468468468469,
        "f1-score": 0.7673469387755102,
        "support": 111.0
      },
      "accuracy": 0.994893073731248,
      "macro avg": {
        "precision": 0.8338444645440003,
        "recall": 0.8717718548845447,
        "f1-score": 0.8504349490346003,
        "support": 18798.0
      },
      "weighted avg": {
        "precision": 0.995214211349162,
        "recall": 0.994893073731248,
        "f1-score": 0.9950114401575046,
        "support": 18798.0
      }
    },
    "confusion_matrix_raw": [
      [
        81,
        21,
        3
      ],
      [
        18,
        18527,
        37
      ],
      [
        2,
        15,
        94
      ]
    ],
    "confusion_matrix_norm_true": [
      [
        0.7714285714285715,
        0.2,
        0.02857142857142857
      ],
      [
        0.0009686793671294801,
        0.9970401463782155,
        0.0019911742546550423
      ],
      [
        0.018018018018018018,
        0.13513513513513514,
        0.8468468468468469
      ]
    ],
    "labels": [
      "negative",
      "neutral",
      "positive"
    ]
  },
  "test": {
    "classification_report": {
      "negative": {
        "precision": 0.7777777777777778,
        "recall": 0.22580645161290322,
        "f1-score": 0.35,
        "support": 31.0
      },
      "neutral": {
        "precision": 0.9630630630630631,
        "recall": 0.9934944237918215,
        "f1-score": 0.9780420860018298,
        "support": 1076.0
      },
      "positive": {
        "precision": 0.7878787878787878,
        "recall": 0.5777777777777777,
        "f1-score": 0.6666666666666666,
        "support": 45.0
      },
      "accuracy": 0.9565972222222222,
      "macro avg": {
        "precision": 0.842906542906543,
        "recall": 0.5990262177275009,
        "f1-score": 0.6649029175561655,
        "support": 1152.0
      },
      "weighted avg": {
        "precision": 0.9512339517547852,
        "recall": 0.9565972222222222,
        "f1-score": 0.9489785456058757,
        "support": 1152.0
      }
    },
    "confusion_matrix_raw": [
      [
        7,
        22,
        2
      ],
      [
        2,
        1069,
        5
      ],
      [
        0,
        19,
        26
      ]
    ],
    "confusion_matrix_norm_true": [
      [
        0.22580645161290322,
        0.7096774193548387,
        0.06451612903225806
      ],
      [
        0.0018587360594795538,
        0.9934944237918215,
        0.004646840148698885
      ],
      [
        0.0,
        0.4222222222222222,
        0.5777777777777777
      ]
    ],
    "labels": [
      "negative",
      "neutral",
      "positive"
    ]
  }
}