{
  "sector": "Real Estate",
  "train": {
    "classification_report": {
      "negative": {
        "precision": 0.8559322033898306,
        "recall": 0.9351851851851852,
        "f1-score": 0.8938053097345132,
        "support": 108.0
      },
      "neutral": {
        "precision": 0.9991380703550072,
        "recall": 0.9980090400344382,
        "f1-score": 0.9985732360621316,
        "support": 18584.0
      },
      "positive": {
        "precision": 0.8034188034188035,
        "recall": 0.8867924528301887,
        "f1-score": 0.8430493273542601,
        "support": 106.0
      },
      "accuracy": 0.9970209596765613,
      "macro avg": {
        "precision": 0.8861630257212137,
        "recall": 0.9399955593499373,
        "f1-score": 0.9118092910503016,
        "support": 18798.0
      },
      "weighted avg": {
        "precision": 0.9972116698907303,
        "recall": 0.9970209596765613,
        "f1-score": 0.9970943303079867,
        "support": 18798.0
      }
    },
    "confusion_matrix_raw": [
      [
        101,
        6,
        1
      ],
      [
        15,
        18547,
        22
      ],
      [
        2,
        10,
        94
      ]
    ],
    "confusion_matrix_norm_true": [
      [
        0.9351851851851852,
        0.05555555555555555,
        0.009259259259259259
      ],
      [
        0.0008071459319845028,
        0.9980090400344382,
        0.0011838140335772708
      ],
      [
        0.018867924528301886,
        0.09433962264150944,
        0.8867924528301887
      ]
    ],
    "labels": [
      "negative",
      "neutral",
      "positive"
    ]
  },
  "test": {
    "classification_report": {
      "negative": {
        "precision": 0.9629629629629629,
        "recall": 0.5652173913043478,
        "f1-score": 0.7123287671232876,
        "support": 46.0
      },
      "neutral": {
        "precision": 0.9660550458715597,
        "recall": 0.9933962264150943,
        "f1-score": 0.9795348837209302,
        "support": 1060.0
      },
      "positive": {
        "precision": 0.7142857142857143,
        "recall": 0.5434782608695652,
        "f1-score": 0.6172839506172839,
        "support": 46.0
      },
      "accuracy": 0.9583333333333334,
      "macro avg": {
        "precision": 0.881101241040079,
        "recall": 0.7006972928630025,
        "f1-score": 0.7697158671538339,
        "support": 1152.0
      },
      "weighted avg": {
        "precision": 0.9558782880011218,
        "recall": 0.9583333333333334,
        "f1-score": 0.9544003140279967,
        "support": 1152.0
      }
    },
    "confusion_matrix_raw": [
      [
        26,
        16,
        4
      ],
      [
        1,
        1053,
        6
      ],
      [
        0,
        21,
        25
      ]
    ],
    "confusion_matrix_norm_true": [
      [
        0.5652173913043478,
        0.34782608695652173,
        0.08695652173913043
      ],
      [
        0.0009433962264150943,
        0.9933962264150943,
        0.005660377358490566
      ],
      [
        0.0,
        0.45652173913043476,
        0.5434782608695652
      ]
    ],
    "labels": [
      "negative",
      "neutral",
      "positive"
    ]
  }
}