{
  "sector": "Health Care",
  "train": {
    "classification_report": {
      "negative": {
        "precision": 0.7962962962962963,
        "recall": 0.8514851485148515,
        "f1-score": 0.8229665071770335,
        "support": 101.0
      },
      "neutral": {
        "precision": 0.9984724495362793,
        "recall": 0.996081419396974,
        "f1-score": 0.9972755013077593,
        "support": 18374.0
      },
      "positive": {
        "precision": 0.8472222222222222,
        "recall": 0.9442724458204335,
        "f1-score": 0.8931185944363104,
        "support": 323.0
      },
      "accuracy": 0.9944142993935525,
      "macro avg": {
        "precision": 0.880663656018266,
        "recall": 0.9306130045774198,
        "f1-score": 0.9044535343070343,
        "support": 18798.0
      },
      "weighted avg": {
        "precision": 0.9947872907481274,
        "recall": 0.9944142993935525,
        "f1-score": 0.994549259722129,
        "support": 18798.0
      }
    },
    "confusion_matrix_raw": [
      [
        86,
        13,
        2
      ],
      [
        19,
        18302,
        53
      ],
      [
        3,
        15,
        305
      ]
    ],
    "confusion_matrix_norm_true": [
      [
        0.8514851485148515,
        0.12871287128712872,
        0.019801980198019802
      ],
      [
        0.0010340698813540872,
        0.996081419396974,
        0.002884510721671928
      ],
      [
        0.009287925696594427,
        0.04643962848297214,
        0.9442724458204335
      ]
    ],
    "labels": [
      "negative",
      "neutral",
      "positive"
    ]
  },
  "test": {
    "classification_report": {
      "negative": {
        "precision": 0.7931034482758621,
        "recall": 0.5348837209302325,
        "f1-score": 0.6388888888888888,
        "support": 43.0
      },
      "neutral": {
        "precision": 0.9748369058713886,
        "recall": 0.990530303030303,
        "f1-score": 0.9826209488022546,
        "support": 1056.0
      },
      "positive": {
        "precision": 0.74,
        "recall": 0.6981132075471698,
        "f1-score": 0.7184466019417476,
        "support": 53.0
      },
      "accuracy": 0.9600694444444444,
      "macro avg": {
        "precision": 0.8359801180490836,
        "recall": 0.7411757438359018,
        "f1-score": 0.7799854798776303,
        "support": 1152.0
      },
      "weighted avg": {
        "precision": 0.9572493236771256,
        "recall": 0.9600694444444444,
        "f1-score": 0.9576368177606908,
        "support": 1152.0
      }
    },
    "confusion_matrix_raw": [
      [
        23,
        13,
        7
      ],
      [
        4,
        1046,
        6
      ],
      [
        2,
        14,
        37
      ]
    ],
    "confusion_matrix_norm_true": [
      [
        0.5348837209302325,
        0.3023255813953488,
        0.16279069767441862
      ],
      [
        0.003787878787878788,
        0.990530303030303,
        0.005681818181818182
      ],
      [
        0.03773584905660377,
        0.2641509433962264,
        0.6981132075471698
      ]
    ],
    "labels": [
      "negative",
      "neutral",
      "positive"
    ]
  }
}