{
  "sharpe": 0.8835096227457122,
  "ann_return": 0.1402861694403832,
  "max_drawdown": -0.1530188327637101,
  "mu": 0.0005741965724155307,
  "sd": 0.010316907428205013,
  "n": 249
}