{
  "sharpe": 2.1927381035006643,
  "ann_return": 0.5314053286443607,
  "max_drawdown": -0.29481019717596546,
  "mu": 0.001774384407326579,
  "sd": 0.012845801189541817,
  "cost_mu": 2.6029344788114517e-05,
  "turnover_mu": 0.3358564384225887,
  "l1_mu": 0.9325259023743896,
  "ent_mu": 1.4668546748387696,
  "wmax_mu": 0.34466147101855893,
  "tradable_n_mu": 8.900821596244132,
  "n": 1704
}