{
  "sharpe": 1.0084803287061754,
  "ann_return": 0.1299212024124483,
  "max_drawdown": -0.11750407340739777,
  "mu": 0.0005181150627322495,
  "sd": 0.008155658841133118,
  "cost_mu": 3.9528840884486274e-05,
  "turnover_mu": 0.47634831288829443,
  "l1_mu": 1.0544469827413558,
  "ent_mu": 1.4809777907771076,
  "wmax_mu": 0.5503901468515396,
  "tradable_n_mu": 11.0,
  "n": 250
}