{
  "sharpe": 0.8691802426752445,
  "ann_return": 0.13721094247163612,
  "max_drawdown": -0.1530895122674938,
  "mu": 0.0005631998647004366,
  "sd": 0.010286151431500912,
  "cost_mu": 5.478987859478146e-06,
  "turnover_mu": 0.08169116473281719,
  "l1_mu": 0.16977923210844936,
  "ent_mu": 2.3784860899413207,
  "wmax_mu": 0.11939296383694951,
  "tradable_n_mu": 11.0,
  "n": 249
}