{
  "sharpe": 0.7158770422830388,
  "ann_return": 0.1153642413546514,
  "max_drawdown": -0.3579285353815358,
  "mu": 0.0004935999168083072,
  "sd": 0.010945532470941544,
  "cost_mu": 4.107323311719826e-06,
  "turnover_mu": 0.06066766388702869,
  "l1_mu": 0.32795243807178975,
  "ent_mu": 2.0288016588003512,
  "wmax_mu": 0.11345997872379457,
  "tradable_n_mu": 9.168458781362007,
  "n": 1953
}