{
  "best_value": 1.0413739646465565,
  "best_params": {
    "tau": 0.0015317780582429206,
    "risk_aversion": 0.9314240524798428,
    "omega_scale": 0.7108106594622139,
    "max_weight": 0.6289244717641955
  },
  "n_trials": 5
}