{
  "sharpe": 1.0916816316691715,
  "ann_return": 0.12657661499044082,
  "max_drawdown": -0.108097228606167,
  "mu": 0.0004994193441234529,
  "sd": 0.0072622234001755714,
  "cost_mu": 6.776992528416833e-05,
  "turnover_mu": 0.5137702564458292,
  "l1_mu": 0.7051957359155977,
  "ent_mu": 1.9758319665938062,
  "wmax_mu": 0.3355164098811437,
  "tradable_n_mu": 11.0,
  "n": 249
}