{
  "sharpe": 1.0900420348568465,
  "ann_return": 0.19855396617026355,
  "max_drawdown": -0.3019336345806266,
  "mu": 0.0007843145285733044,
  "sd": 0.01142213586717844,
  "cost_mu": 5.513593979266836e-05,
  "turnover_mu": 0.42068532921934454,
  "l1_mu": 0.8349298428848925,
  "ent_mu": 1.5614709068833794,
  "wmax_mu": 0.34324363738058766,
  "tradable_n_mu": 8.945433658816771,
  "n": 1741
}