{
  "sharpe": 1.609050694140648,
  "ann_return": 0.3287636494762971,
  "max_drawdown": -0.3062580011946092,
  "mu": 0.0011987374164164066,
  "sd": 0.011826456524431705,
  "cost_mu": 0.00011135502178085196,
  "turnover_mu": 0.7662362650050852,
  "l1_mu": 1.2436975138870316,
  "ent_mu": 1.0948985729033465,
  "wmax_mu": 0.40062490127344225,
  "tradable_n_mu": 9.20251256281407,
  "n": 1990
}