{
  "sharpe": 1.4245648430670281,
  "ann_return": 0.15336949398516797,
  "max_drawdown": -0.10312795457622981,
  "mu": 0.0005878293886780739,
  "sd": 0.006550422869622707,
  "n": 249
}