{
  "sharpe": 1.1938466068297104,
  "ann_return": 0.24710149875491738,
  "max_drawdown": -0.09633467156774422,
  "mu": 0.0009555389988236129,
  "sd": 0.012705746106803417,
  "cost_mu": 9.463831336651009e-05,
  "turnover_mu": 0.6467573381209325,
  "l1_mu": 1.3689985299302685,
  "ent_mu": 1.1259398597951635,
  "wmax_mu": 0.4726683735967644,
  "tradable_n_mu": 11.0,
  "n": 248
}