{
  "sharpe": 0.8852946289059584,
  "ann_return": 0.14088994181409653,
  "max_drawdown": -0.1530188327637101,
  "mu": 0.0005765118403360248,
  "sd": 0.01033762190490961,
  "n": 248
}