{
  "best_value": 1.1812625640663317,
  "best_params": {
    "tau": 0.18218598930331084,
    "risk_aversion": 7.9317287848898195,
    "omega_scale": 0.01042334521262712,
    "max_weight": 0.18485698970658304
  },
  "n_trials": 12
}