{
  "hparams": {
    "lr": 3e-05,
    "weight_decay": 0.005,
    "dropout": 0.2,
    "train_bs": 8,
    "eval_bs": 16,
    "epochs": 2,
    "max_len": 1536
  },
  "hparams_hash": "2ea26b86bb",
  "n_folds_requested": 5,
  "n_folds_ran": 3,
  "fold_metrics": [
    {
      "fold": 0,
      "train_macro_f1_mean": 0.8461556856269685,
      "train_acc_mean": 0.9817976278276851,
      "train_loss": 0.13402743637561798,
      "val_macro_f1_mean": 0.7210869797937632,
      "val_acc_mean": 0.9701644100580271,
      "val_loss": 0.3139013946056366
    },
    {
      "fold": 1,
      "train_macro_f1_mean": 0.863372203447792,
      "train_acc_mean": 0.9831517730839449,
      "train_loss": 0.12572599947452545,
      "val_macro_f1_mean": 0.7424054920039853,
      "val_acc_mean": 0.9718810444874275,
      "val_loss": 0.3002440631389618
    },
    {
      "fold": 2,
      "train_macro_f1_mean": 0.8631441511382424,
      "train_acc_mean": 0.9826439686128476,
      "train_loss": 0.12974001467227936,
      "val_macro_f1_mean": 0.7358372621557033,
      "val_acc_mean": 0.9706721470019345,
      "val_loss": 0.3065269887447357
    }
  ],
  "train_macro_f1_mean_cv": 0.8575573467376677,
  "train_macro_f1_std_cv": 0.008062729439687034,
  "val_macro_f1_mean_cv": 0.7331099113178173,
  "val_macro_f1_std_cv": 0.008914354441350391,
  "val_loss_mean_cv": 0.3068908154964447,
  "val_loss_std_cv": 0.0055815143182115475
}