{
  "hparams": {
    "lr": 3e-05,
    "weight_decay": 0.005,
    "dropout": 0.3,
    "train_bs": 2,
    "eval_bs": 4,
    "epochs": 2,
    "max_len": 4096
  },
  "hparams_hash": "72c99ac8e5",
  "n_folds_requested": 5,
  "n_folds_ran": 1,
  "fold_metrics": [
    {
      "fold": 0,
      "train_macro_f1_mean": 0.8887932920547384,
      "train_acc_mean": 0.9904665755842774,
      "train_loss": 0.0799957662820816,
      "val_macro_f1_mean": 0.7327142834643354,
      "val_acc_mean": 0.9765473887814313,
      "val_loss": 0.21520021557807922
    }
  ],
  "train_macro_f1_mean_cv": 0.8887932920547384,
  "train_macro_f1_std_cv": 0.0,
  "val_macro_f1_mean_cv": 0.7327142834643354,
  "val_macro_f1_std_cv": 0.0,
  "val_loss_mean_cv": 0.21520021557807922,
  "val_loss_std_cv": 0.0
}