{
  "hparams": {
    "lr": 3e-05,
    "weight_decay": 0.005,
    "dropout": 0.2,
    "train_bs": 2,
    "eval_bs": 4,
    "epochs": 2,
    "max_len": 4096
  },
  "hparams_hash": "98ab15e820",
  "n_folds_requested": 5,
  "n_folds_ran": 1,
  "fold_metrics": [
    {
      "fold": 0,
      "train_macro_f1_mean": 0.7446929265550865,
      "train_acc_mean": 0.982740693274009,
      "train_loss": 0.14123383164405823,
      "val_macro_f1_mean": 0.6221506601058979,
      "val_acc_mean": 0.9726063829787234,
      "val_loss": 0.24759027361869812
    }
  ],
  "train_macro_f1_mean_cv": 0.7446929265550865,
  "train_macro_f1_std_cv": 0.0,
  "val_macro_f1_mean_cv": 0.6221506601058979,
  "val_macro_f1_std_cv": 0.0,
  "val_loss_mean_cv": 0.24759027361869812,
  "val_loss_std_cv": 0.0
}