{
  "hparams": {
    "lr": 2e-05,
    "weight_decay": 0,
    "dropout": 0.2,
    "train_bs": 8,
    "eval_bs": 16,
    "epochs": 3,
    "max_len": 1536
  },
  "hparams_hash": "c081cdbb92",
  "n_folds_requested": 5,
  "n_folds_ran": 3,
  "fold_metrics": [
    {
      "fold": 0,
      "train_macro_f1_mean": 0.8602463657875318,
      "train_acc_mean": 0.9838409362947199,
      "train_loss": 0.12370359152555466,
      "val_macro_f1_mean": 0.721213788884461,
      "val_acc_mean": 0.9702611218568666,
      "val_loss": 0.3432910740375519
    },
    {
      "fold": 1,
      "train_macro_f1_mean": 0.8526416959664419,
      "train_acc_mean": 0.9826741950694604,
      "train_loss": 0.13431167602539062,
      "val_macro_f1_mean": 0.6985693964146469,
      "val_acc_mean": 0.9687379110251452,
      "val_loss": 0.37939849495887756
    },
    {
      "fold": 2,
      "train_macro_f1_mean": 0.8950568197460633,
      "train_acc_mean": 0.9875587904581123,
      "train_loss": 0.0974264144897461,
      "val_macro_f1_mean": 0.7221857105335319,
      "val_acc_mean": 0.9716150870406189,
      "val_loss": 0.3722931444644928
    }
  ],
  "train_macro_f1_mean_cv": 0.8693149605000124,
  "train_macro_f1_std_cv": 0.01846510653195326,
  "val_macro_f1_mean_cv": 0.7139896319442132,
  "val_macro_f1_std_cv": 0.010910970191003752,
  "val_loss_mean_cv": 0.36499423782030743,
  "val_loss_std_cv": 0.015618194305528134
}