{
  "hparams": {
    "lr": 3e-05,
    "weight_decay": 0.002,
    "dropout": 0.2,
    "train_bs": 8,
    "eval_bs": 16,
    "epochs": 3,
    "max_len": 1536
  },
  "hparams_hash": "eb886c304c",
  "n_folds_requested": 5,
  "n_folds_ran": 3,
  "fold_metrics": [
    {
      "fold": 0,
      "train_macro_f1_mean": 0.9284508996654178,
      "train_acc_mean": 0.9917844490926018,
      "train_loss": 0.06186109781265259,
      "val_macro_f1_mean": 0.7573613775818377,
      "val_acc_mean": 0.9747823984526114,
      "val_loss": 0.3748994767665863
    },
    {
      "fold": 1,
      "train_macro_f1_mean": 0.8299003684495786,
      "train_acc_mean": 0.9819064430714914,
      "train_loss": 0.1701735556125641,
      "val_macro_f1_mean": 0.6741830160600208,
      "val_acc_mean": 0.9665618955512574,
      "val_loss": 0.4428228735923767
    },
    {
      "fold": 2,
      "train_macro_f1_mean": 0.9172746290117402,
      "train_acc_mean": 0.9902670809706321,
      "train_loss": 0.07198823988437653,
      "val_macro_f1_mean": 0.7354864590831258,
      "val_acc_mean": 0.9727272727272728,
      "val_loss": 0.390277236700058
    }
  ],
  "train_macro_f1_mean_cv": 0.8918752990422455,
  "train_macro_f1_std_cv": 0.044059779640131934,
  "val_macro_f1_mean_cv": 0.7223436175749948,
  "val_macro_f1_std_cv": 0.035206161094751644,
  "val_loss_mean_cv": 0.40266652901967365,
  "val_loss_std_cv": 0.02908055343609213
}