{
  "sharpe": 1.5427443193512795,
  "ann_return": 0.19141980789050916,
  "max_drawdown": -0.06044687461022713,
  "mu": 0.000722922442946583,
  "sd": 0.0074387164786458015,
  "cost_mu": 4.109275432801951e-05,
  "turnover_mu": 0.7214354183524847,
  "l1_mu": 1.251172093153,
  "ent_mu": 1.1727253278520569,
  "wmax_mu": 0.640797403216362,
  "tradable_n_mu": 11.0,
  "n": 250
}