{
  "sharpe": 1.421689960657429,
  "ann_return": 0.1527113954631938,
  "max_drawdown": -0.10312795457622981,
  "mu": 0.0005854780902154744,
  "sd": 0.006537414155900478,
  "n": 250
}