{
  "sharpe": 0.6199593477259258,
  "ann_return": 0.10228409972596264,
  "max_drawdown": -0.18037270934884275,
  "mu": 0.00045399859664030373,
  "sd": 0.011624962091445923,
  "cost_mu": 1.8708054042062246e-05,
  "turnover_mu": 0.3036382926635474,
  "l1_mu": 0.6662836117916796,
  "ent_mu": 2.059416417189883,
  "wmax_mu": 0.3359409816652896,
  "tradable_n_mu": 11.0,
  "n": 249
}