{
  "sharpe": 0.9278302606511318,
  "ann_return": 0.16479218439381893,
  "max_drawdown": -0.32791930974815797,
  "mu": 0.0006717797950841486,
  "sd": 0.01149366982281208,
  "cost_mu": 1.3327033451922404e-05,
  "turnover_mu": 0.20942345414165986,
  "l1_mu": 0.7535913019214731,
  "ent_mu": 1.725740885519126,
  "wmax_mu": 0.32867331908963826,
  "tradable_n_mu": 9.218625498007968,
  "n": 2008
}