{
  "sharpe": 1.8882080166708202,
  "ann_return": 0.3895444184294763,
  "max_drawdown": -0.17631356109827923,
  "mu": 0.0013725579483434558,
  "sd": 0.011539344675838947,
  "cost_mu": 2.430958736884055e-05,
  "turnover_mu": 0.4198850921688484,
  "l1_mu": 1.312650350768028,
  "ent_mu": 0.8248537039136227,
  "wmax_mu": 0.6153752285692758,
  "tradable_n_mu": 8.966458214894827,
  "n": 1759
}