{
  "hparams": {
    "lr": 2e-05,
    "weight_decay": 0.01,
    "dropout": 0.1,
    "train_bs": 8,
    "eval_bs": 16,
    "epochs": 4,
    "max_len": 2048,
    "gradient_accumulation_steps": 4,
    "unfreeze_last_n_layers": 4
  },
  "hparams_hash": "5f4e3d5153",
  "n_folds_requested": 5,
  "n_folds_ran": 3,
  "fold_metrics": [
    {
      "fold": 0,
      "train_macro_f1_mean": 0.6333235581732093,
      "train_acc_mean": 0.9601494396014943,
      "train_loss": 0.3315606117248535,
      "val_macro_f1_mean": 0.5905491240284012,
      "val_acc_mean": 0.9573500967117989,
      "val_loss": 0.3648424446582794,
      "trainable_params": 23338017,
      "total_params": 152292129
    },
    {
      "fold": 1,
      "train_macro_f1_mean": 0.6167231976363271,
      "train_acc_mean": 0.9590310607068155,
      "train_loss": 0.3343915343284607,
      "val_macro_f1_mean": 0.5919029428750634,
      "val_acc_mean": 0.9574468085106382,
      "val_loss": 0.374306857585907,
      "trainable_params": 23338017,
      "total_params": 152292129
    },
    {
      "fold": 2,
      "train_macro_f1_mean": 0.637564096960308,
      "train_acc_mean": 0.9594723669733647,
      "train_loss": 0.3272278904914856,
      "val_macro_f1_mean": 0.5699724964908954,
      "val_acc_mean": 0.9558027079303674,
      "val_loss": 0.3759206235408783,
      "trainable_params": 23338017,
      "total_params": 152292129
    }
  ],
  "train_macro_f1_mean_cv": 0.6292036175899481,
  "train_macro_f1_std_cv": 0.008993190163128202,
  "val_macro_f1_mean_cv": 0.5841415211314533,
  "val_macro_f1_std_cv": 0.010034246386449007,
  "val_loss_mean_cv": 0.37168997526168823,
  "val_loss_std_cv": 0.004886550703227606
}