{
  "hparams": {
    "lr": 2e-05,
    "weight_decay": 0.01,
    "dropout": 0.1,
    "train_bs": 8,
    "eval_bs": 16,
    "epochs": 2,
    "max_len": 512,
    "gradient_accumulation_steps": 4,
    "unfreeze_last_n_layers": 4
  },
  "hparams_hash": "7b472ee7c8",
  "n_folds_requested": 5,
  "n_folds_ran": 3,
  "fold_metrics": [
    {
      "fold": 0,
      "train_macro_f1_mean": 0.4835557690002622,
      "train_acc_mean": 0.9609232368907857,
      "train_loss": 0.444904088973999,
      "val_macro_f1_mean": 0.4679957790316791,
      "val_acc_mean": 0.9601547388781431,
      "val_loss": 0.454903244972229,
      "trainable_params": 23338017,
      "total_params": 152292129
    },
    {
      "fold": 1,
      "train_macro_f1_mean": 0.44099445852180796,
      "train_acc_mean": 0.9614552225271737,
      "train_loss": 0.49320659041404724,
      "val_macro_f1_mean": 0.4383113977560433,
      "val_acc_mean": 0.9607833655705996,
      "val_loss": 0.4988269507884979,
      "trainable_params": 23338017,
      "total_params": 152292129
    },
    {
      "fold": 2,
      "train_macro_f1_mean": 0.4514563745543006,
      "train_acc_mean": 0.9616788983061094,
      "train_loss": 0.47896766662597656,
      "val_macro_f1_mean": 0.43130149462224304,
      "val_acc_mean": 0.9600580270793035,
      "val_loss": 0.5026490688323975,
      "trainable_params": 23338017,
      "total_params": 152292129
    }
  ],
  "train_macro_f1_mean_cv": 0.45866886735879026,
  "train_macro_f1_std_cv": 0.01810858593323355,
  "val_macro_f1_mean_cv": 0.44586955713665516,
  "val_macro_f1_std_cv": 0.01590517645290769,
  "val_loss_mean_cv": 0.4854597548643748,
  "val_loss_std_cv": 0.021662984854000433
}