{
  "sharpe": 0.6229699836016076,
  "ann_return": 0.09134490073091639,
  "max_drawdown": -0.3438187477930855,
  "mu": 0.00039879183168523014,
  "sd": 0.010162005200982094,
  "cost_mu": 9.725173197477952e-06,
  "turnover_mu": 0.1264001599155504,
  "l1_mu": 0.9722835353904486,
  "ent_mu": 1.5301283079127135,
  "wmax_mu": 0.291017926035665,
  "tradable_n_mu": 9.203415369161226,
  "n": 1991
}