{
  "sharpe": 0.7126587549491952,
  "ann_return": 0.1244511990264574,
  "max_drawdown": -0.32912355685332473,
  "mu": 0.0005377832567319274,
  "sd": 0.011979147791862488,
  "cost_mu": 7.462444951578311e-06,
  "turnover_mu": 0.12174694773364955,
  "l1_mu": 0.9856187636214474,
  "ent_mu": 1.3899871765100502,
  "wmax_mu": 0.3481142621329129,
  "tradable_n_mu": 8.946613088404133,
  "n": 1742
}