{
  "sharpe": 1.3727880145883118,
  "ann_return": 0.18808544652083814,
  "max_drawdown": -0.11588437125806428,
  "mu": 0.0007186779985204339,
  "sd": 0.008310576900839806,
  "cost_mu": 2.381698279407374e-06,
  "turnover_mu": 0.03955818999465555,
  "l1_mu": 0.9250559453964233,
  "ent_mu": 1.6989799333440723,
  "wmax_mu": 0.39500969195365904,
  "tradable_n_mu": 11.0,
  "n": 250
}