{
  "sharpe": 0.9191402552718444,
  "ann_return": 0.131919163223859,
  "max_drawdown": -0.12579486459889588,
  "mu": 0.0005344869568943977,
  "sd": 0.009231146425008774,
  "cost_mu": 1.3408431331423841e-05,
  "turnover_mu": 0.17744840634986758,
  "l1_mu": 0.9523924744751558,
  "ent_mu": 1.8004348973539066,
  "wmax_mu": 0.3074344998622036,
  "tradable_n_mu": 11.0,
  "n": 249
}