{
  "hparams": {
    "lr": 2e-05,
    "weight_decay": 0.01,
    "dropout": 0.3,
    "train_bs": 8,
    "eval_bs": 16,
    "epochs": 3,
    "max_len": 512
  },
  "hparams_hash": "02a86ce0aa",
  "n_folds_requested": 5,
  "n_folds_ran": 3,
  "fold_metrics": [
    {
      "fold": 0,
      "train_macro_f1_mean": 0.8738306832263785,
      "train_acc_mean": 0.9855094366997545,
      "train_loss": 0.121552973985672,
      "val_macro_f1_mean": 0.7264241916887472,
      "val_acc_mean": 0.9712040618955512,
      "val_loss": 0.3618535101413727
    },
    {
      "fold": 1,
      "train_macro_f1_mean": 0.9072963041352284,
      "train_acc_mean": 0.9891728832412435,
      "train_loss": 0.08612512797117233,
      "val_macro_f1_mean": 0.739215144331487,
      "val_acc_mean": 0.9731382978723405,
      "val_loss": 0.3711433708667755
    },
    {
      "fold": 2,
      "train_macro_f1_mean": 0.8945472558276006,
      "train_acc_mean": 0.987177937104789,
      "train_loss": 0.09953960031270981,
      "val_macro_f1_mean": 0.7191755233684884,
      "val_acc_mean": 0.971929400386847,
      "val_loss": 0.38218119740486145
    }
  ],
  "train_macro_f1_mean_cv": 0.8918914143964024,
  "train_macro_f1_std_cv": 0.01379074728418697,
  "val_macro_f1_mean_cv": 0.7282716197962409,
  "val_macro_f1_std_cv": 0.008284779017146712,
  "val_loss_mean_cv": 0.37172602613766986,
  "val_loss_std_cv": 0.008308964345575872
}