{
  "hparams": {
    "lr": 2e-05,
    "weight_decay": 0.0001,
    "dropout": 0.1,
    "train_bs": 8,
    "eval_bs": 16,
    "epochs": 2,
    "max_len": 2048
  },
  "hparams_hash": "25815805d6",
  "n_folds_requested": 5,
  "n_folds_ran": 3,
  "fold_metrics": [
    {
      "fold": 0,
      "train_macro_f1_mean": 0.8468334745011433,
      "train_acc_mean": 0.9820394394805885,
      "train_loss": 0.13692395389080048,
      "val_macro_f1_mean": 0.7359622854847555,
      "val_acc_mean": 0.9704787234042552,
      "val_loss": 0.30450114607810974
    },
    {
      "fold": 1,
      "train_macro_f1_mean": 0.7606895354238109,
      "train_acc_mean": 0.9749724939244822,
      "train_loss": 0.22952508926391602,
      "val_macro_f1_mean": 0.6655062348431007,
      "val_acc_mean": 0.9671663442940038,
      "val_loss": 0.35491254925727844
    },
    {
      "fold": 2,
      "train_macro_f1_mean": 0.8152162460443086,
      "train_acc_mean": 0.9778984149246153,
      "train_loss": 0.1804649829864502,
      "val_macro_f1_mean": 0.7006514634729506,
      "val_acc_mean": 0.9679883945841393,
      "val_loss": 0.32635730504989624
    }
  ],
  "train_macro_f1_mean_cv": 0.8075797519897542,
  "train_macro_f1_std_cv": 0.035580252866102786,
  "val_macro_f1_mean_cv": 0.7007066612669357,
  "val_macro_f1_std_cv": 0.028763588708668967,
  "val_loss_mean_cv": 0.3285903334617615,
  "val_loss_std_cv": 0.020640852768871138
}