{
  "hparams": {
    "lr": 2e-05,
    "weight_decay": 0.005,
    "dropout": 0.1,
    "train_bs": 8,
    "eval_bs": 16,
    "epochs": 2,
    "max_len": 1024
  },
  "hparams_hash": "638ef43371",
  "n_folds_requested": 5,
  "n_folds_ran": 3,
  "fold_metrics": [
    {
      "fold": 0,
      "train_macro_f1_mean": 0.8512074092137522,
      "train_acc_mean": 0.982105937685137,
      "train_loss": 0.13007758557796478,
      "val_macro_f1_mean": 0.7378657654866732,
      "val_acc_mean": 0.9708172147001934,
      "val_loss": 0.28957754373550415
    },
    {
      "fold": 1,
      "train_macro_f1_mean": 0.7961822436323387,
      "train_acc_mean": 0.9775477880279049,
      "train_loss": 0.19638364017009735,
      "val_macro_f1_mean": 0.7067340311997575,
      "val_acc_mean": 0.9692940038684719,
      "val_loss": 0.32718077301979065
    },
    {
      "fold": 2,
      "train_macro_f1_mean": 0.8142892266157472,
      "train_acc_mean": 0.977680784437002,
      "train_loss": 0.17726528644561768,
      "val_macro_f1_mean": 0.7053438572437902,
      "val_acc_mean": 0.9679883945841392,
      "val_loss": 0.3228656053543091
    }
  ],
  "train_macro_f1_mean_cv": 0.8205596264872793,
  "train_macro_f1_std_cv": 0.02289731640356099,
  "val_macro_f1_mean_cv": 0.716647884643407,
  "val_macro_f1_std_cv": 0.015014037798368211,
  "val_loss_mean_cv": 0.3132079740365346,
  "val_loss_std_cv": 0.016801847024542647
}