{
  "hparams": {
    "lr": 2e-05,
    "weight_decay": 0.01,
    "dropout": 0.1,
    "train_bs": 8,
    "eval_bs": 16,
    "epochs": 2,
    "max_len": 2048
  },
  "hparams_hash": "9cc3e9b4c7",
  "n_folds_requested": 5,
  "n_folds_ran": 3,
  "fold_metrics": [
    {
      "fold": 0,
      "train_macro_f1_mean": 0.8169743281295759,
      "train_acc_mean": 0.9780797736642929,
      "train_loss": 0.16417689621448517,
      "val_macro_f1_mean": 0.7149385400900727,
      "val_acc_mean": 0.9684719535783366,
      "val_loss": 0.30888333916664124
    },
    {
      "fold": 1,
      "train_macro_f1_mean": 0.7516571982870478,
      "train_acc_mean": 0.9741624248872555,
      "train_loss": 0.2354714423418045,
      "val_macro_f1_mean": 0.6493859541847241,
      "val_acc_mean": 0.9663201160541587,
      "val_loss": 0.36046433448791504
    },
    {
      "fold": 2,
      "train_macro_f1_mean": 0.8265717229068436,
      "train_acc_mean": 0.9783215853171964,
      "train_loss": 0.17273814976215363,
      "val_macro_f1_mean": 0.6993204878203699,
      "val_acc_mean": 0.9680125725338492,
      "val_loss": 0.3207450807094574
    }
  ],
  "train_macro_f1_mean_cv": 0.7984010831078224,
  "train_macro_f1_std_cv": 0.03328433638346086,
  "val_macro_f1_mean_cv": 0.687881660698389,
  "val_macro_f1_std_cv": 0.027957353882469563,
  "val_loss_mean_cv": 0.3300309181213379,
  "val_loss_std_cv": 0.02205780061434393
}