{
  "hparams": {
    "lr": 2e-05,
    "weight_decay": 0.01,
    "dropout": 0.3,
    "train_bs": 8,
    "eval_bs": 16,
    "epochs": 3,
    "max_len": 1024
  },
  "hparams_hash": "ba242fa57e",
  "n_folds_requested": 5,
  "n_folds_ran": 3,
  "fold_metrics": [
    {
      "fold": 0,
      "train_macro_f1_mean": 0.8525884725728852,
      "train_acc_mean": 0.9829220520136865,
      "train_loss": 0.13802304863929749,
      "val_macro_f1_mean": 0.7056050848419231,
      "val_acc_mean": 0.9688346228239847,
      "val_loss": 0.38169097900390625
    },
    {
      "fold": 1,
      "train_macro_f1_mean": 0.8960216608612463,
      "train_acc_mean": 0.9873592958444667,
      "train_loss": 0.09619291871786118,
      "val_macro_f1_mean": 0.7304011281738192,
      "val_acc_mean": 0.9719535783365572,
      "val_loss": 0.3746402859687805
    },
    {
      "fold": 2,
      "train_macro_f1_mean": 0.8940737922098233,
      "train_acc_mean": 0.987002623656434,
      "train_loss": 0.09450749307870865,
      "val_macro_f1_mean": 0.7190207490298858,
      "val_acc_mean": 0.9716876208897486,
      "val_loss": 0.3756748139858246
    }
  ],
  "train_macro_f1_mean_cv": 0.8808946418813183,
  "train_macro_f1_std_cv": 0.020031274942932935,
  "val_macro_f1_mean_cv": 0.718342320681876,
  "val_macro_f1_std_cv": 0.010134302804398365,
  "val_loss_mean_cv": 0.3773353596528371,
  "val_loss_std_cv": 0.0031087110944428616
}