,pred_negative,pred_neutral,pred_positive
true_negative,0.8493683187560739,0.1360544217687075,0.014577259475218658
true_neutral,0.006801089373610174,0.9863328586063014,0.006866052020088449
true_positive,0.012304250559284116,0.12695749440715884,0.860738255033557
