,pred_negative,pred_neutral,pred_positive
true_negative,0.512589928057554,0.4226618705035971,0.06474820143884892
true_neutral,0.011567229083318838,0.9793877196034093,0.009045051313271874
true_positive,0.03559870550161812,0.43042071197411,0.5339805825242718
