step,loss
200,1.9053895473480225
400,1.9441770315170288
600,2.102231979370117
800,1.7746156454086304
1000,1.2809045314788818
1200,1.1684221029281616
1400,1.1023218631744385
1600,1.174970269203186
1800,1.130707859992981
2000,1.1724740266799927
2200,0.9990851283073425
2400,1.172310709953308
2600,1.14352285861969
2800,1.4841009378433228
3000,1.1499290466308594
3200,1.0801433324813843
3400,1.1399400234222412
3600,1.2276829481124878
3800,1.182224154472351
4000,1.0118463039398193
4200,1.1618397235870361
4400,1.1627562046051025
4600,1.1680670976638794
