step,loss
50,0.6688800048828125
100,0.6097318267822266
150,0.5679774856567383
200,0.5934515380859375
250,0.5311831665039063
300,0.5938153839111329
350,0.534091567993164
400,0.5346023941040039
450,0.4720163345336914
500,0.4450022506713867
550,0.4309046173095703
600,0.4403968811035156
650,0.3911886215209961
700,0.351767463684082
750,0.4416965103149414
800,0.3654896545410156
850,0.375346794128418
900,0.3715092849731445
950,0.3342832946777344
1000,0.3895389556884766
1050,0.4124094772338867
1100,0.3006455612182617
1150,0.38973148345947267
1200,0.3192546844482422
1250,0.30400527954101564
1300,0.31951370239257815
1350,0.3286371612548828
1400,0.3139756202697754
1450,0.26733806610107425
1500,0.28166191101074217
1550,0.295134391784668
1600,0.29995344161987303
1650,0.25895477294921876
1700,0.26026987075805663
1750,0.24193836212158204
1800,0.2309882926940918
1850,0.27265474319458005
1900,0.24157299041748048
1950,0.24542526245117188
2000,0.24676477432250976
2050,0.23961448669433594
2100,0.29392438888549804
2150,0.2441900634765625
2200,0.26671730041503905
2250,0.26568103790283204
2300,0.2545269012451172
2350,0.23963214874267577
2400,0.16811195373535157
2450,0.17559471130371093
2500,0.1872872543334961
2550,0.2015865707397461
2600,0.2010097885131836
2650,0.21268781661987304
2700,0.20047073364257811
2750,0.19426958084106447
2800,0.21235721588134765
2850,0.19448143005371094
2900,0.14705384254455567
2950,0.15991249084472656
3000,0.20305126190185546
3050,0.19191646575927734
3100,0.14473740577697755
3150,0.18141305923461915
3200,0.16100543975830078
3250,0.17421361923217774
3300,0.15636454582214354
3350,0.17944154739379883
3400,0.185615177154541
3450,0.1719209861755371
3500,0.19441726684570312
3550,0.16057279586791992
3600,0.1424066162109375
3650,0.2036912727355957
3700,0.16139204025268555
3750,0.20777154922485352
3800,0.23754512786865234
3850,0.1913699722290039
3900,0.18974136352539062
3950,0.1991698455810547
4000,0.19559179306030272
4050,0.12880553245544435
4100,0.16536865234375
4150,0.1584235191345215
4200,0.14984883308410646
4250,0.17191587448120116
4300,0.20841341018676757
4350,0.17342517852783204
4400,0.18704019546508788
4450,0.16919153213500976
4500,0.1704261016845703
4550,0.1340200424194336
4600,0.155562801361084
4650,0.1942111396789551
4700,0.15822619438171387
