{
  "best_value": 1.187154675840549,
  "best_params": {
    "tau": 0.007469622613886999,
    "risk_aversion": 1.9874938626617682,
    "omega_scale": 1.3112476239758335,
    "max_weight": 0.11693506948390557
  },
  "n_trials": 5
}